experiment_id,population,representation,target,split_strategy,fold,n_train,n_test,accuracy,macro_f1,balanced_accuracy
full__identity__word_svm__model,full,word_svm,model,identity,fold_1,5544.0,1512,0.9867724867724867,0.9867750805874317,0.9867724867724869
full__identity__word_svm__company,full,word_svm,company,identity,fold_1,5544.0,1512,1.0,1.0,1.0
full__identity__char_svm__model,full,char_svm,model,identity,fold_1,5544.0,1512,0.9788359788359788,0.9788205015017589,0.9788359788359787
full__identity__char_svm__company,full,char_svm,company,identity,fold_1,5544.0,1512,0.9986772486772487,0.998897847344416,0.9991181657848324
full__identity__style_logit__model,full,style_logit,model,identity,fold_1,5544.0,1512,0.7387566137566137,0.7391630564539762,0.7387566137566136
full__identity__style_logit__company,full,style_logit,company,identity,fold_1,5544.0,1512,0.828042328042328,0.8346345580982101,0.8293650793650792
full__identity__dummy__model,full,dummy,model,identity,fold_1,5544.0,1512,0.08333333333333333,0.012820512820512822,0.08333333333333333
full__identity__dummy__company,full,dummy,company,identity,fold_1,5544.0,1512,0.25,0.06666666666666667,0.16666666666666666
full__identity__word_svm__model,full,word_svm,model,identity,fold_2,5544.0,1512,0.9933862433862434,0.9933807544904983,0.9933862433862434
full__identity__word_svm__company,full,word_svm,company,identity,fold_2,5544.0,1512,0.9993386243386243,0.9993386217349368,0.9993386243386243
full__identity__char_svm__model,full,char_svm,model,identity,fold_2,5544.0,1512,0.9761904761904762,0.9761879832436394,0.9761904761904763
full__identity__char_svm__company,full,char_svm,company,identity,fold_2,5544.0,1512,0.9986772486772487,0.9986772278475033,0.9986772486772487
full__identity__style_logit__model,full,style_logit,model,identity,fold_2,5544.0,1512,0.7394179894179894,0.7385746167926698,0.7394179894179894
full__identity__style_logit__company,full,style_logit,company,identity,fold_2,5544.0,1512,0.8167989417989417,0.8191371670669946,0.8134920634920636
full__identity__dummy__model,full,dummy,model,identity,fold_2,5544.0,1512,0.08333333333333333,0.012820512820512822,0.08333333333333333
full__identity__dummy__company,full,dummy,company,identity,fold_2,5544.0,1512,0.25,0.06666666666666667,0.16666666666666666
full__identity__word_svm__model,full,word_svm,model,identity,fold_3,5712.0,1344,0.9888392857142857,0.9888281136739022,0.9888392857142859
full__identity__word_svm__company,full,word_svm,company,identity,fold_3,5712.0,1344,0.9992559523809523,0.9992559486737451,0.9992559523809524
full__identity__char_svm__model,full,char_svm,model,identity,fold_3,5712.0,1344,0.9672619047619048,0.9672145571031048,0.9672619047619048
full__identity__char_svm__company,full,char_svm,company,identity,fold_3,5712.0,1344,0.9992559523809523,0.9988864031817052,0.9992559523809524
full__identity__style_logit__model,full,style_logit,model,identity,fold_3,5712.0,1344,0.7306547619047619,0.7283692623700374,0.7306547619047619
full__identity__style_logit__company,full,style_logit,company,identity,fold_3,5712.0,1344,0.828125,0.8312603129572004,0.8345734126984127
full__identity__dummy__model,full,dummy,model,identity,fold_3,5712.0,1344,0.08333333333333333,0.012820512820512822,0.08333333333333333
full__identity__dummy__company,full,dummy,company,identity,fold_3,5712.0,1344,0.25,0.06666666666666667,0.16666666666666666
full__identity__word_svm__model,full,word_svm,model,identity,fold_4,5712.0,1344,0.9873511904761905,0.9873602860663498,0.9873511904761906
full__identity__word_svm__company,full,word_svm,company,identity,fold_4,5712.0,1344,0.9985119047619048,0.9986363716379646,0.9987599206349206
full__identity__char_svm__model,full,char_svm,model,identity,fold_4,5712.0,1344,0.9791666666666666,0.9791629926613764,0.9791666666666669
full__identity__char_svm__company,full,char_svm,company,identity,fold_4,5712.0,1344,0.9985119047619048,0.9986363716379646,0.9987599206349206
full__identity__style_logit__model,full,style_logit,model,identity,fold_4,5712.0,1344,0.7477678571428571,0.7477046145534579,0.7477678571428572
full__identity__style_logit__company,full,style_logit,company,identity,fold_4,5712.0,1344,0.8288690476190477,0.8317034534305008,0.824156746031746
full__identity__dummy__model,full,dummy,model,identity,fold_4,5712.0,1344,0.08333333333333333,0.012820512820512822,0.08333333333333333
full__identity__dummy__company,full,dummy,company,identity,fold_4,5712.0,1344,0.25,0.06666666666666667,0.16666666666666666
full__identity__word_svm__model,full,word_svm,model,identity,fold_5,5712.0,1344,0.9813988095238095,0.9813702844702838,0.9813988095238096
full__identity__word_svm__company,full,word_svm,company,identity,fold_5,5712.0,1344,1.0,1.0,1.0
full__identity__char_svm__model,full,char_svm,model,identity,fold_5,5712.0,1344,0.9546130952380952,0.9545348896020546,0.9546130952380952
full__identity__char_svm__company,full,char_svm,company,identity,fold_5,5712.0,1344,0.9977678571428571,0.9981390190262492,0.9977678571428572
full__identity__style_logit__model,full,style_logit,model,identity,fold_5,5712.0,1344,0.7470238095238095,0.7472162611638645,0.7470238095238094
full__identity__style_logit__company,full,style_logit,company,identity,fold_5,5712.0,1344,0.8251488095238095,0.8253656930600995,0.8206845238095238
full__identity__dummy__model,full,dummy,model,identity,fold_5,5712.0,1344,0.08333333333333333,0.012820512820512822,0.08333333333333333
full__identity__dummy__company,full,dummy,company,identity,fold_5,5712.0,1344,0.25,0.06666666666666667,0.16666666666666666
full__article__char_svm__model,full,char_svm,model,article,bbc_brewdog,3528.0,3528,0.6482426303854876,0.6156312590303117,0.6482426303854875
full__article__char_svm__company,full,char_svm,company,article,bbc_brewdog,3528.0,3528,0.921201814058957,0.9182590202632867,0.9182728647014362
full__article__char_svm__model,full,char_svm,model,article,reuters_denmark,3528.0,3528,0.639172335600907,0.5900129516944224,0.6391723356009069
full__article__char_svm__company,full,char_svm,company,article,reuters_denmark,3528.0,3528,0.9220521541950113,0.9145265705082978,0.8996598639455783
full__family__char_svm__model,full,char_svm,model,family,bias_check,6048.0,1008,0.8125,0.7934951288160303,0.8125
full__family__char_svm__company,full,char_svm,company,family,bias_check,6048.0,1008,0.9732142857142857,0.9722094908737006,0.9732142857142857
full__family__char_svm__model,full,char_svm,model,family,community,6048.0,1008,0.9771825396825397,0.9771565643191135,0.9771825396825397
full__family__char_svm__company,full,char_svm,company,family,community,6048.0,1008,0.9990079365079365,0.9990079277204481,0.9990079365079364
full__family__char_svm__model,full,char_svm,model,family,emotion,6048.0,1008,0.9384920634920635,0.9383444137348992,0.9384920634920634
full__family__char_svm__company,full,char_svm,company,family,emotion,6048.0,1008,0.9990079365079365,0.9990079277204481,0.9990079365079364
full__family__char_svm__model,full,char_svm,model,family,impact,6048.0,1008,0.9722222222222222,0.9721790364476819,0.972222222222222
full__family__char_svm__company,full,char_svm,company,family,impact,6048.0,1008,0.996031746031746,0.9963626989267707,0.9966931216931217
full__family__char_svm__model,full,char_svm,model,family,policy_action,6048.0,1008,0.9474206349206349,0.9473251980393705,0.9474206349206349
full__family__char_svm__company,full,char_svm,company,family,policy_action,6048.0,1008,0.9950396825396826,0.9958687645883003,0.9953703703703703
full__family__char_svm__model,full,char_svm,model,family,significance,6048.0,1008,0.9444444444444444,0.9438789138890434,0.9444444444444442
full__family__char_svm__company,full,char_svm,company,family,significance,6048.0,1008,0.9950396825396826,0.9958627795166256,0.9953703703703703
full__family__char_svm__model,full,char_svm,model,family,worldview,6048.0,1008,0.941468253968254,0.9410821441486545,0.941468253968254
full__family__char_svm__company,full,char_svm,company,family,worldview,6048.0,1008,0.9970238095238095,0.9975212428723575,0.998015873015873
screened__identity__char_svm__model,screened,char_svm,model,identity,fold_1,5520.0,1476,0.978319783197832,0.9783040075088225,0.978319783197832
screened__identity__char_svm__company,screened,char_svm,company,identity,fold_1,5520.0,1476,0.9986449864498645,0.9988709689273011,0.9990966576332431
screened__identity__char_svm__model,screened,char_svm,model,identity,fold_2,5484.0,1512,0.9781746031746031,0.9781768596773371,0.9781746031746033
screened__identity__char_svm__company,screened,char_svm,company,identity,fold_2,5484.0,1512,0.998015873015873,0.9981264442923266,0.9982363315696648
screened__identity__char_svm__model,screened,char_svm,model,identity,fold_3,5664.0,1332,0.9677177177177178,0.9676728413108043,0.967717717717718
screened__identity__char_svm__company,screened,char_svm,company,identity,fold_3,5664.0,1332,0.9984984984984985,0.9982512347190696,0.9987487487487487
screened__identity__char_svm__model,screened,char_svm,model,identity,fold_4,5664.0,1332,0.9812312312312312,0.981219267787424,0.9812312312312313
screened__identity__char_svm__company,screened,char_svm,company,identity,fold_4,5664.0,1332,0.9992492492492493,0.9992492454409415,0.9992492492492492
screened__identity__char_svm__model,screened,char_svm,model,identity,fold_5,5652.0,1344,0.9561011904761905,0.9560318642112366,0.9561011904761904
screened__identity__char_svm__company,screened,char_svm,company,identity,fold_5,5652.0,1344,0.9977678571428571,0.9981390190262492,0.9977678571428572
screened__article__char_svm__model,screened,char_svm,model,article,bbc_brewdog,3504.0,3492,0.6463344788087056,0.6133656649365052,0.6463344788087056
screened__article__char_svm__company,screened,char_svm,company,article,bbc_brewdog,3504.0,3492,0.9192439862542955,0.9164053244496585,0.9163802978235968
screened__article__char_svm__model,screened,char_svm,model,article,reuters_denmark,3492.0,3504,0.6264269406392694,0.5795183834642458,0.6264269406392694
screened__article__char_svm__company,screened,char_svm,company,article,reuters_denmark,3492.0,3504,0.9289383561643836,0.9226551224443281,0.9089611872146119
full__identity__word_svm__model,full,word_svm,model,identity,pooled,,7056,0.9876700680272109,0.9876675139993286,0.987670068027211
full__identity__word_svm__company,full,word_svm,company,identity,pooled,,7056,0.9994331065759637,0.9994568040107504,0.9994803476946333
full__identity__char_svm__model,full,char_svm,model,identity,pooled,,7056,0.9715136054421769,0.9714886004187022,0.9715136054421768
full__identity__char_svm__company,full,char_svm,company,identity,pooled,,7056,0.9985827664399093,0.9986535372333973,0.9987244897959183
full__identity__style_logit__model,full,style_logit,model,identity,pooled,,7056,0.7406462585034014,0.7402399684179595,0.7406462585034014
full__identity__style_logit__company,full,style_logit,company,identity,pooled,,7056,0.8252551020408163,0.8284021073483768,0.8243102796674227
full__identity__dummy__model,full,dummy,model,identity,pooled,,7056,0.08333333333333333,0.012820512820512822,0.08333333333333333
full__identity__dummy__company,full,dummy,company,identity,pooled,,7056,0.25,0.06666666666666667,0.16666666666666666
full__article__char_svm__model,full,char_svm,model,article,pooled,,7056,0.6437074829931972,0.6109116399868723,0.6437074829931974
full__article__char_svm__company,full,char_svm,company,article,pooled,,7056,0.9216269841269841,0.9164107500411726,0.9089663643235072
full__family__char_svm__model,full,char_svm,model,family,pooled,,7056,0.933390022675737,0.9330873246791093,0.9333900226757369
full__family__char_svm__company,full,char_svm,company,family,pooled,,7056,0.9934807256235828,0.9936733468887767,0.9938114134542705
screened__identity__char_svm__model,screened,char_svm,model,identity,pooled,,6996,0.9725557461406518,0.9725309203417561,0.9725557461406519
screened__identity__char_svm__company,screened,char_svm,company,identity,pooled,,6996,0.9984276729559748,0.9985228083357347,0.9986182580522204
screened__article__char_svm__model,screened,char_svm,model,article,pooled,,6996,0.6363636363636364,0.6035639317172753,0.6363636363636364
screened__article__char_svm__company,screened,char_svm,company,article,pooled,,6996,0.9240994854202401,0.9194352326288876,0.9126643796455117
